gamesPlayed,averageTDError,weightDelta,weightMean,weightStdDev,weightMaxAbs,weightNearZero,weightLarge
1000, 0.03871585, 0.41061488, 0.002413651, 0.101649314, 0.42553315, 617, 0
2000, 0.034774724, 0.24357851, 0.0023966564, 0.10164058, 0.43682632, 620, 0
3000, 0.03304088, 0.18539295, 0.0023650296, 0.101658866, 0.5202971, 618, 0
4000, 0.03282688, 0.14793363, 0.002342957, 0.1017091, 0.6023758, 620, 0
5000, 0.032954283, 0.1327845, 0.0023222526, 0.10177377, 0.67385375, 617, 0
6000, 0.03283855, 0.115254596, 0.0023001574, 0.101843014, 0.73969823, 617, 0
7000, 0.0329065, 0.1063363, 0.0022926948, 0.1019407, 0.79993075, 617, 0
8000, 0.033776462, 0.10183311, 0.0022740343, 0.102034956, 0.860206, 618, 0
9000, 0.03393799, 0.094148725, 0.002260359, 0.10213682, 0.9147921, 618, 0
10000, 0.034193307, 0.09410978, 0.0022457219, 0.10224875, 0.96870977, 619, 0
11000, 0.03484039, 0.09371153, 0.002235056, 0.10238047, 1.0259411, 618, 0
12000, 0.034401253, 0.09392437, 0.0022242581, 0.102521524, 1.0890311, 618, 0
13000, 0.034889504, 0.09265159, 0.0022044373, 0.102642454, 1.1478418, 619, 0
14000, 0.035318524, 0.08506157, 0.002190787, 0.1027667, 1.1984646, 617, 0
15000, 0.035266664, 0.08622991, 0.0021748971, 0.10290514, 1.2545382, 618, 0
16000, 0.035316784, 0.08471045, 0.002157123, 0.10303608, 1.3068401, 619, 0
17000, 0.035651118, 0.07990071, 0.0021433877, 0.103171416, 1.3563143, 619, 0
18000, 0.03638549, 0.07914509, 0.0021216911, 0.10328064, 1.3951757, 618, 0
19000, 0.036379956, 0.077393904, 0.0021082594, 0.10340992, 1.4415959, 618, 0
20000, 0.036498286, 0.07925899, 0.0020892478, 0.103534855, 1.4881396, 618, 0
21000, 0.03692999, 0.077491455, 0.0020716183, 0.10364407, 1.5270149, 618, 0
22000, 0.036693126, 0.071573466, 0.0020633743, 0.10376863, 1.5631423, 618, 0
23000, 0.03691426, 0.0779441, 0.00204706, 0.10389219, 1.6077725, 619, 0
24000, 0.03697229, 0.08533053, 0.0020281277, 0.104019165, 1.6494612, 618, 0
25000, 0.037487593, 0.0812065, 0.0020088914, 0.10413204, 1.6865245, 618, 0
26000, 0.037747175, 0.07638856, 0.0019998462, 0.10424956, 1.7212967, 618, 0
27000, 0.038253028, 0.08104943, 0.0019741214, 0.10434986, 1.7506586, 618, 0
28000, 0.03839609, 0.07707381, 0.001953961, 0.104447104, 1.7777301, 618, 0
29000, 0.03856051, 0.07752066, 0.0019344778, 0.10453818, 1.8019564, 618, 0
30000, 0.039032165, 0.07637156, 0.001914904, 0.10463947, 1.8225306, 619, 0
31000, 0.038893346, 0.07130026, 0.0019073578, 0.10475387, 1.8446327, 620, 0
32000, 0.039537344, 0.06879669, 0.0018927368, 0.10485418, 1.861377, 620, 0
33000, 0.039601427, 0.07076129, 0.0018780241, 0.10494955, 1.8776913, 618, 0
34000, 0.04030218, 0.0719903, 0.0018580853, 0.105038345, 1.8877785, 618, 0
35000, 0.039721046, 0.066626415, 0.001847477, 0.105145425, 1.9006761, 618, 0
36000, 0.04013432, 0.06810436, 0.001827921, 0.10524439, 1.9117774, 618, 0
37000, 0.040074524, 0.059660178, 0.0018162965, 0.1053412, 1.9251428, 618, 0
38000, 0.039623216, 0.06557956, 0.0017993903, 0.105441615, 1.9353771, 619, 0
39000, 0.040194787, 0.055898163, 0.0017920602, 0.105531186, 1.9394345, 619, 0
40000, 0.040355105, 0.06224455, 0.001777866, 0.1056282, 1.948548, 618, 0
41000, 0.040015627, 0.06516883, 0.0017585665, 0.10572213, 1.956738, 617, 0
42000, 0.040126935, 0.05278053, 0.0017524359, 0.10580499, 1.9602549, 618, 0
43000, 0.039668445, 0.058450382, 0.0017377713, 0.10590638, 1.9713125, 618, 0
44000, 0.04057469, 0.057403166, 0.0017266145, 0.10599791, 1.9762596, 618, 0
45000, 0.039466195, 0.05506788, 0.0017147976, 0.10609799, 1.9842434, 617, 0
46000, 0.039671317, 0.059029967, 0.0017024173, 0.10617757, 1.9857467, 617, 0
47000, 0.03969533, 0.056839325, 0.0016913516, 0.106270134, 1.9952289, 618, 0
48000, 0.039669905, 0.06452006, 0.001668981, 0.10635412, 2.002174, 618, 0
49000, 0.039504312, 0.055753384, 0.0016674962, 0.10643387, 2.00253, 617, 0
50000, 0.038619258, 0.06743981, 0.0016460754, 0.10651998, 2.0105803, 617, 0
51000, 0.038701367, 0.057061624, 0.0016389056, 0.10660364, 2.0160027, 617, 0
52000, 0.038930796, 0.06490956, 0.0016180169, 0.10667378, 2.0226119, 617, 0
53000, 0.038793508, 0.05524601, 0.0016107426, 0.106743224, 2.0253272, 617, 0
54000, 0.039005388, 0.05916089, 0.0015942197, 0.106789574, 2.0252438, 617, 0
55000, 0.038301222, 0.060127255, 0.0015788431, 0.10685263, 2.0308607, 619, 0
56000, 0.03851729, 0.05825234, 0.0015626252, 0.10691078, 2.0375144, 618, 0
57000, 0.038956054, 0.062110428, 0.0015421996, 0.106961615, 2.0419796, 618, 0
58000, 0.038937893, 0.045278892, 0.0015363675, 0.10700754, 2.0448272, 618, 0
59000, 0.03924183, 0.052236874, 0.0015186846, 0.10705018, 2.049129, 618, 0
60000, 0.03916827, 0.051936347, 0.001510255, 0.10708403, 2.0500777, 617, 0
61000, 0.03922087, 0.048126742, 0.0014985944, 0.107110016, 2.0492015, 617, 0
62000, 0.039156586, 0.045639195, 0.0014864485, 0.107148856, 2.0549703, 617, 0
63000, 0.03891991, 0.054997686, 0.0014646115, 0.10718958, 2.0608106, 618, 0
64000, 0.039365787, 0.04223563, 0.0014520938, 0.10723259, 2.0662396, 619, 0
65000, 0.039073456, 0.044959597, 0.0014390798, 0.10727658, 2.0726147, 618, 0
66000, 0.039856587, 0.043938756, 0.0014237723, 0.10732117, 2.0785758, 617, 0
67000, 0.03992521, 0.04621109, 0.0014158582, 0.1073614, 2.0810568, 617, 0
68000, 0.04018052, 0.041891623, 0.0014074213, 0.10738313, 2.0811272, 617, 0
69000, 0.039483584, 0.047537126, 0.0014013791, 0.10744203, 2.0884798, 618, 0
70000, 0.040019188, 0.04363173, 0.0013916807, 0.1074721, 2.0909889, 618, 0
71000, 0.03979207, 0.0520808, 0.0013761036, 0.107515596, 2.0974448, 619, 0
72000, 0.040934958, 0.049362827, 0.0013627656, 0.107552156, 2.0993583, 619, 0
73000, 0.040822543, 0.04818897, 0.0013544301, 0.107591294, 2.1022558, 618, 0
74000, 0.040617306, 0.04499637, 0.0013461326, 0.1076261, 2.104998, 618, 0
75000, 0.04088501, 0.04210644, 0.0013421794, 0.10767836, 2.108685, 618, 0
76000, 0.04076533, 0.056747966, 0.0013222062, 0.10772127, 2.1148095, 618, 0
77000, 0.040890753, 0.05208516, 0.001327406, 0.107779585, 2.1172392, 617, 0
78000, 0.041167293, 0.05441146, 0.0013138787, 0.1078187, 2.121236, 618, 0
79000, 0.041249577, 0.04704739, 0.0013063105, 0.10786366, 2.121516, 618, 0
80000, 0.041334435, 0.046223044, 0.0013031985, 0.10791275, 2.1226377, 617, 0
81000, 0.041528124, 0.04579, 0.0012967455, 0.1079512, 2.1232114, 617, 0
82000, 0.04153786, 0.04678243, 0.0012961747, 0.107979774, 2.1183622, 617, 0
83000, 0.04162041, 0.04392553, 0.0012956719, 0.108026944, 2.119613, 619, 0
84000, 0.04153901, 0.051024005, 0.0012828577, 0.10809203, 2.1271787, 619, 0
85000, 0.040846404, 0.04498691, 0.0012733263, 0.10813992, 2.1303215, 619, 0
86000, 0.041599415, 0.044767886, 0.0012661129, 0.10819472, 2.1327677, 619, 0
87000, 0.041041516, 0.044083666, 0.0012605324, 0.108240515, 2.134083, 618, 0
88000, 0.041528724, 0.051934153, 0.0012724506, 0.1082658, 2.1266365, 617, 0
89000, 0.040942963, 0.04931416, 0.0012588976, 0.10830545, 2.1283789, 618, 0
90000, 0.040771298, 0.040915962, 0.0012631076, 0.108351454, 2.128317, 619, 0
91000, 0.041319538, 0.045998875, 0.0012551002, 0.108372696, 2.124032, 617, 0
92000, 0.041165356, 0.04093681, 0.0012593465, 0.108406305, 2.1214705, 617, 0
93000, 0.040696185, 0.039337464, 0.0012550533, 0.10845209, 2.1255074, 617, 0
94000, 0.04126464, 0.049753718, 0.0012431687, 0.10849141, 2.1242127, 619, 0
95000, 0.040575255, 0.03999622, 0.0012446488, 0.10852841, 2.1215568, 619, 0
96000, 0.04108121, 0.039914135, 0.0012428057, 0.108568236, 2.120931, 619, 0
97000, 0.04096438, 0.039050654, 0.0012492461, 0.10859445, 2.1175814, 618, 0
98000, 0.040851817, 0.050738595, 0.0012442019, 0.10860205, 2.108396, 618, 0
99000, 0.041833002, 0.049035646, 0.0012504093, 0.108617485, 2.0997705, 618, 0
100000, 0.04101814, 0.047996614, 0.0012556709, 0.10862933, 2.0929248, 619, 0
101000, 0.04031986, 0.049909137, 0.0012674797, 0.108616896, 2.0821815, 618, 0
102000, 0.040475458, 0.06028047, 0.0012648454, 0.108620666, 2.070203, 618, 0
103000, 0.04057851, 0.060330886, 0.0012793461, 0.10861526, 2.0570467, 617, 0
104000, 0.03920052, 0.0673319, 0.0012768727, 0.108655274, 2.0513837, 617, 0
105000, 0.039747037, 0.06058596, 0.0012803342, 0.10865131, 2.0402203, 617, 0
106000, 0.039784074, 0.05621661, 0.0012868497, 0.10866101, 2.0313547, 617, 0
107000, 0.038538296, 0.054818317, 0.0012889664, 0.108684145, 2.0211782, 617, 0
108000, 0.038660828, 0.054965235, 0.0012858324, 0.10868992, 2.0130446, 617, 0
109000, 0.038872022, 0.055897716, 0.0012916343, 0.10870242, 2.003081, 618, 0
110000, 0.038396426, 0.064209566, 0.0012883332, 0.108720206, 1.9941863, 618, 0
111000, 0.03882975, 0.059158165, 0.0012931672, 0.10871736, 1.9835713, 618, 0
112000, 0.03832862, 0.055545073, 0.001292716, 0.10872167, 1.9766046, 617, 0
113000, 0.037959065, 0.0504748, 0.00128798, 0.10873272, 1.9721606, 617, 0
114000, 0.037414566, 0.05224026, 0.0012916205, 0.10874114, 1.9651439, 619, 0
115000, 0.03746108, 0.060503177, 0.00128536, 0.10874737, 1.9575982, 618, 0
116000, 0.038072206, 0.046573415, 0.0012928456, 0.10872723, 1.9454831, 617, 0
117000, 0.036671713, 0.057016622, 0.0012826113, 0.10875072, 1.9446504, 617, 0
118000, 0.038204838, 0.050209794, 0.0012828441, 0.10873755, 1.9376544, 617, 0
119000, 0.037613858, 0.05958014, 0.0012650401, 0.1087351, 1.9345003, 619, 0
120000, 0.03725842, 0.04513395, 0.0012666192, 0.108723894, 1.9301354, 619, 0
121000, 0.037983034, 0.04708479, 0.0012715854, 0.108693026, 1.9201133, 619, 0
122000, 0.03698816, 0.057409845, 0.0012628158, 0.10869566, 1.9191781, 618, 0
123000, 0.037386026, 0.041366324, 0.0012626239, 0.108674586, 1.9122653, 618, 0
124000, 0.037305232, 0.047608934, 0.0012563244, 0.10865025, 1.9045441, 619, 0
125000, 0.037857946, 0.040714424, 0.0012526668, 0.108657345, 1.9018486, 620, 0
126000, 0.03761863, 0.053279635, 0.0012413926, 0.10866023, 1.9084356, 620, 0
127000, 0.03758338, 0.0519142, 0.0012353712, 0.10863975, 1.9108256, 619, 0
128000, 0.038184896, 0.047578625, 0.0012443312, 0.108620524, 1.9090911, 619, 0
129000, 0.037885647, 0.053655233, 0.0012361918, 0.108611874, 1.9104928, 620, 0
130000, 0.038907014, 0.053395037, 0.0012328522, 0.108591594, 1.9086108, 619, 0
131000, 0.038260523, 0.049145307, 0.0012362405, 0.10857571, 1.9064423, 619, 0
132000, 0.038003676, 0.05303497, 0.0012266262, 0.10857418, 1.9126183, 619, 0
133000, 0.03920599, 0.04388638, 0.0012258188, 0.10857192, 1.9189763, 619, 0
134000, 0.038143266, 0.048129756, 0.0012333413, 0.10855719, 1.9204592, 619, 0
135000, 0.038252655, 0.056969192, 0.0012268735, 0.10854458, 1.9194323, 619, 0
136000, 0.03855331, 0.045339406, 0.0012346944, 0.10853331, 1.9216385, 619, 0
137000, 0.039005086, 0.0542969, 0.0012287335, 0.10851129, 1.9178253, 618, 0
138000, 0.038460717, 0.04709048, 0.0012423759, 0.10848962, 1.9129273, 619, 0
139000, 0.038389236, 0.047111288, 0.0012436897, 0.10845945, 1.9095088, 620, 0
140000, 0.037978426, 0.05117983, 0.0012440283, 0.10844663, 1.9108118, 620, 0
141000, 0.03891182, 0.047419548, 0.0012444666, 0.10842403, 1.9057965, 618, 0
142000, 0.038281497, 0.046600845, 0.0012473826, 0.10839442, 1.9000392, 617, 0
143000, 0.038641237, 0.048559796, 0.0012570262, 0.10836082, 1.8892279, 618, 0
144000, 0.03910706, 0.06132017, 0.0012466114, 0.10834597, 1.8847903, 618, 0
145000, 0.03863797, 0.04834878, 0.0012489625, 0.10834765, 1.886438, 619, 0
146000, 0.03941084, 0.046799947, 0.0012502897, 0.10831829, 1.8795229, 619, 0
147000, 0.038923193, 0.04802676, 0.0012528615, 0.108301856, 1.8751708, 619, 0
148000, 0.039043933, 0.046022568, 0.0012607655, 0.10827153, 1.8684088, 619, 0
149000, 0.038104486, 0.051353313, 0.0012696758, 0.10824441, 1.8595358, 620, 0
150000, 0.03820768, 0.049161617, 0.0012659087, 0.108228505, 1.8549862, 619, 0
151000, 0.03787282, 0.04517878, 0.0012726361, 0.10820558, 1.8453984, 619, 0
152000, 0.03822366, 0.041491307, 0.0012746913, 0.10819401, 1.8389499, 619, 0
153000, 0.037967004, 0.051775794, 0.0012767558, 0.108171135, 1.8280139, 618, 0
154000, 0.037812423, 0.040544678, 0.0012840678, 0.10814208, 1.8162073, 618, 0
155000, 0.036560338, 0.03756536, 0.0012919318, 0.10811307, 1.8044297, 618, 0
156000, 0.036950063, 0.0339665, 0.001296573, 0.10808175, 1.7899547, 619, 0
157000, 0.037019294, 0.05609572, 0.0012979613, 0.10804885, 1.7761154, 619, 0
158000, 0.037310675, 0.04321634, 0.0012954815, 0.10802861, 1.7692893, 619, 0
159000, 0.037840683, 0.047266144, 0.0013043623, 0.10799402, 1.7682629, 619, 0
160000, 0.036725644, 0.046754923, 0.0013060468, 0.10797783, 1.7695366, 617, 0
161000, 0.03806505, 0.04074145, 0.0013108742, 0.10794693, 1.7685642, 618, 0
162000, 0.036913488, 0.045867253, 0.0013075464, 0.10793067, 1.7692033, 618, 0
163000, 0.036985654, 0.042162374, 0.0013077453, 0.107915334, 1.7684078, 618, 0
164000, 0.03672879, 0.043075625, 0.001314027, 0.10788835, 1.7672168, 618, 0
165000, 0.036323402, 0.039442554, 0.001315061, 0.10786976, 1.7675254, 617, 0
166000, 0.036234885, 0.036633134, 0.0013092757, 0.10786957, 1.7666013, 617, 0
167000, 0.036977135, 0.03956555, 0.001304603, 0.10785003, 1.766812, 617, 0
168000, 0.036032356, 0.030543294, 0.0013037189, 0.10784936, 1.7660408, 617, 0
169000, 0.0360233, 0.03303338, 0.0012959577, 0.10785655, 1.7660822, 617, 0
170000, 0.036215704, 0.033552323, 0.0012868884, 0.10785484, 1.7663838, 618, 0
171000, 0.03628816, 0.03316439, 0.0012881492, 0.10784404, 1.7663907, 618, 0
172000, 0.037569717, 0.04091693, 0.0012754436, 0.10783514, 1.7662992, 618, 0
173000, 0.03691955, 0.031275433, 0.0012739153, 0.10783399, 1.7667919, 618, 0
174000, 0.036824606, 0.044974253, 0.0012579078, 0.10785373, 1.7679145, 618, 0
175000, 0.036576807, 0.037147902, 0.0012572056, 0.10786244, 1.767989, 617, 0
176000, 0.036121704, 0.056851164, 0.0012355502, 0.10790123, 1.7679732, 617, 0
177000, 0.036520377, 0.043520026, 0.0012347462, 0.10792026, 1.7687691, 617, 0
178000, 0.03680597, 0.04251183, 0.0012239652, 0.10793298, 1.7689284, 617, 0
179000, 0.036859527, 0.038165644, 0.0012162685, 0.10795872, 1.7699265, 617, 0
180000, 0.0376759, 0.047582462, 0.0012052247, 0.107984394, 1.7707576, 617, 0
181000, 0.03767652, 0.04860407, 0.0011924517, 0.10800954, 1.7713192, 617, 0
182000, 0.037133947, 0.04552765, 0.001198458, 0.10802234, 1.7721756, 618, 0
183000, 0.03761023, 0.060013972, 0.0011853655, 0.10804271, 1.77255, 618, 0
184000, 0.037242047, 0.05593363, 0.0011812696, 0.108070105, 1.7740705, 618, 0
185000, 0.037561957, 0.05489391, 0.0011779079, 0.10808432, 1.775534, 618, 0
186000, 0.03723163, 0.057516716, 0.0011758511, 0.10809696, 1.7761364, 617, 0
187000, 0.037339836, 0.07495457, 0.0011525127, 0.108114064, 1.7771655, 617, 0
188000, 0.03759153, 0.058616124, 0.0011563597, 0.10812405, 1.7784644, 618, 0
189000, 0.03705461, 0.060844753, 0.0011535167, 0.108146, 1.7794116, 619, 0
190000, 0.037316434, 0.06468, 0.0011543001, 0.108157985, 1.7806157, 620, 0
191000, 0.03678201, 0.069813795, 0.0011540421, 0.108155556, 1.781259, 619, 0
192000, 0.036691885, 0.06522849, 0.0011499762, 0.10815951, 1.7829878, 618, 0
193000, 0.037636753, 0.06842533, 0.0011485122, 0.108169526, 1.7840189, 617, 0
194000, 0.038531415, 0.070289165, 0.0011559008, 0.108163975, 1.7858083, 618, 0
195000, 0.038252816, 0.077454396, 0.001145419, 0.10818557, 1.7872663, 618, 0
196000, 0.038740247, 0.07092511, 0.001140188, 0.10819355, 1.7883028, 620, 0
197000, 0.03890604, 0.07177733, 0.0011332958, 0.10820542, 1.7893145, 618, 0
198000, 0.03960985, 0.08091371, 0.0011267383, 0.10819647, 1.7907411, 618, 0
199000, 0.039476648, 0.07450987, 0.0011212697, 0.10819011, 1.7914281, 618, 0
200000, 0.03964412, 0.06782502, 0.0011210121, 0.10820465, 1.793211, 618, 0
201000, 0.03952972, 0.068085015, 0.0011208985, 0.10820525, 1.7942069, 618, 0
202000, 0.040084377, 0.07482102, 0.0011052631, 0.10822171, 1.795204, 618, 0
203000, 0.039993197, 0.05958908, 0.0011120632, 0.10821823, 1.7960237, 618, 0
204000, 0.04022346, 0.0648779, 0.0011046408, 0.1082365, 1.7975719, 619, 0
205000, 0.040864937, 0.061084915, 0.0011053653, 0.10822389, 1.7987074, 619, 0
206000, 0.04068299, 0.050904408, 0.0011100859, 0.10821828, 1.7995222, 618, 0
207000, 0.041381832, 0.0536744, 0.001109934, 0.1081948, 1.7999866, 619, 0
208000, 0.041182984, 0.05212795, 0.0011080083, 0.10820536, 1.8011822, 618, 0
209000, 0.041029755, 0.052167624, 0.0011050479, 0.10820367, 1.8018495, 618, 0
210000, 0.041275185, 0.050022483, 0.0011003638, 0.108202085, 1.8028641, 618, 0
211000, 0.040382583, 0.046412643, 0.001112925, 0.108188406, 1.8034539, 618, 0
212000, 0.040237173, 0.053454854, 0.0010982897, 0.10820378, 1.8045413, 617, 0
213000, 0.040515825, 0.041916013, 0.0011048022, 0.1081996, 1.8047899, 617, 0
214000, 0.03969048, 0.04124063, 0.0010986087, 0.10820323, 1.8052555, 618, 0
215000, 0.039590064, 0.042027816, 0.0010877441, 0.108220264, 1.8063726, 618, 0
216000, 0.040068645, 0.042673443, 0.001080462, 0.108217984, 1.8067589, 618, 0
217000, 0.040087763, 0.041124765, 0.0010778145, 0.10820826, 1.8068914, 618, 0
218000, 0.04047462, 0.03592828, 0.0010743324, 0.10818702, 1.8068222, 617, 0
219000, 0.03945595, 0.04983761, 0.0010587187, 0.10818392, 1.8070065, 620, 0
220000, 0.040044118, 0.045025535, 0.0010627985, 0.10814434, 1.8074439, 619, 0
221000, 0.039795022, 0.039764833, 0.0010578773, 0.10810912, 1.8078206, 619, 0
222000, 0.040027466, 0.045304112, 0.0010526512, 0.108072706, 1.8079422, 619, 0
223000, 0.040096454, 0.04426322, 0.001052386, 0.108023494, 1.808461, 619, 0
224000, 0.039783586, 0.05389313, 0.0010418666, 0.10798444, 1.8079463, 617, 0
225000, 0.040478684, 0.050201364, 0.0010361489, 0.107937135, 1.8083309, 618, 0
226000, 0.04111723, 0.052775994, 0.0010352152, 0.107892774, 1.8091247, 618, 0
227000, 0.040382158, 0.051107768, 0.0010333264, 0.10784654, 1.8099395, 618, 0
228000, 0.040532235, 0.05505675, 0.0010275876, 0.107798226, 1.810239, 618, 0
229000, 0.040528603, 0.052339118, 0.0010323611, 0.107740745, 1.8105544, 618, 0
230000, 0.041334648, 0.06176775, 0.001023807, 0.10768213, 1.8118796, 619, 0
231000, 0.040681973, 0.053052362, 0.0010234751, 0.107635625, 1.8124871, 620, 0
232000, 0.04034416, 0.05667648, 0.0010260105, 0.10757235, 1.8136357, 619, 0
233000, 0.040634476, 0.06357159, 0.0010192753, 0.107524276, 1.814737, 618, 0
234000, 0.04078602, 0.06160391, 0.0010347968, 0.10745131, 1.8155353, 618, 0
235000, 0.040365126, 0.05716114, 0.0010313032, 0.10740321, 1.816847, 618, 0
236000, 0.040799167, 0.0600791, 0.001040549, 0.10733834, 1.81805, 618, 0
237000, 0.04048091, 0.05687167, 0.0010396693, 0.10730853, 1.8190993, 618, 0
238000, 0.040358234, 0.055972874, 0.0010465006, 0.10725803, 1.8198123, 619, 0
239000, 0.039637797, 0.058950484, 0.0010520197, 0.10720998, 1.8204942, 619, 0
240000, 0.040369343, 0.06535172, 0.0010573078, 0.10715595, 1.8213903, 618, 0
241000, 0.040139742, 0.059094645, 0.0010666462, 0.10711164, 1.8224306, 618, 0
242000, 0.04104555, 0.063174404, 0.0010707206, 0.10705895, 1.8233594, 618, 0
243000, 0.04092383, 0.06416041, 0.0010741841, 0.10701882, 1.8241742, 618, 0
244000, 0.04120044, 0.06709543, 0.0010815794, 0.106996395, 1.8255287, 619, 0
245000, 0.04124331, 0.06850937, 0.0010842342, 0.10695948, 1.8266836, 617, 0
246000, 0.041226372, 0.06239903, 0.0010868981, 0.10693682, 1.8274655, 617, 0
247000, 0.04108621, 0.06897301, 0.0011125219, 0.10690085, 1.8288628, 617, 0
248000, 0.040613506, 0.065360084, 0.0011085914, 0.106894575, 1.8303319, 617, 0
249000, 0.04093528, 0.06754979, 0.0011119111, 0.10689379, 1.8308429, 617, 0
250000, 0.041397724, 0.06282532, 0.0011233431, 0.10688483, 1.832098, 617, 0
251000, 0.04109953, 0.06391435, 0.0011275978, 0.10687662, 1.8333762, 617, 0
252000, 0.040677637, 0.061694596, 0.0011379974, 0.106864296, 1.834814, 617, 0
253000, 0.040245395, 0.05945683, 0.0011449795, 0.106873825, 1.8360608, 618, 0
254000, 0.040948953, 0.064434, 0.0011475558, 0.10688442, 1.8374454, 617, 0
255000, 0.041342445, 0.058791608, 0.0011522701, 0.10689175, 1.8388995, 618, 0
256000, 0.03976345, 0.058826417, 0.0011585566, 0.10692073, 1.8403285, 619, 0
257000, 0.040398814, 0.05610174, 0.001159997, 0.106954984, 1.8424222, 618, 0
258000, 0.04022593, 0.049657453, 0.00116265, 0.106987305, 1.8441225, 618, 0
259000, 0.04002072, 0.054791275, 0.0011694994, 0.1070101, 1.8458023, 617, 0
260000, 0.0399454, 0.04808212, 0.0011794997, 0.10703744, 1.8477066, 617, 0
261000, 0.04028967, 0.05019001, 0.0011802017, 0.10707489, 1.849674, 617, 0
262000, 0.040020034, 0.04740519, 0.0011776054, 0.107104085, 1.851395, 617, 0
263000, 0.03945791, 0.044513073, 0.0011887217, 0.10711941, 1.8536798, 617, 0
264000, 0.039771415, 0.0439888, 0.0011917913, 0.10714871, 1.856213, 617, 0
265000, 0.03974579, 0.043074783, 0.0011934495, 0.10718448, 1.8566664, 617, 0
266000, 0.03883488, 0.043481644, 0.0012041737, 0.10721334, 1.8588483, 617, 0
267000, 0.039380264, 0.04612079, 0.0012055307, 0.107243344, 1.8610485, 617, 0
268000, 0.04009573, 0.04551731, 0.0012076239, 0.10726432, 1.8635682, 617, 0
269000, 0.03872647, 0.037396263, 0.0012156947, 0.10728388, 1.8661718, 617, 0
270000, 0.038943894, 0.03988053, 0.0012134415, 0.10731626, 1.8678002, 618, 0
271000, 0.038210094, 0.0398245, 0.0012285378, 0.10732934, 1.8711814, 619, 0
272000, 0.03892617, 0.040220123, 0.0012220619, 0.10735228, 1.8736783, 618, 0
273000, 0.03806599, 0.0346213, 0.0012259247, 0.10738125, 1.8765547, 618, 0
274000, 0.03796196, 0.036497038, 0.0012377222, 0.10740887, 1.8789382, 618, 0
275000, 0.037698813, 0.030844605, 0.0012429829, 0.107436374, 1.8814597, 618, 0
276000, 0.038280066, 0.035920184, 0.001238539, 0.10746937, 1.8832896, 618, 0
277000, 0.03748643, 0.03312024, 0.0012446884, 0.10749715, 1.8847293, 617, 0
278000, 0.037054345, 0.030261625, 0.0012469752, 0.10750822, 1.886095, 617, 0
279000, 0.03834095, 0.037878163, 0.0012381353, 0.10754437, 1.8897905, 618, 0
280000, 0.03797851, 0.03737138, 0.0012574771, 0.10754707, 1.892036, 617, 0
281000, 0.038065333, 0.02919261, 0.0012552022, 0.10757686, 1.8938755, 618, 0
282000, 0.03798495, 0.032363392, 0.0012651287, 0.10757996, 1.8938942, 618, 0
283000, 0.03760412, 0.036087215, 0.0012582318, 0.10761893, 1.8942926, 618, 0
284000, 0.03740122, 0.032587692, 0.0012670831, 0.107624546, 1.8940732, 617, 0
285000, 0.03761244, 0.03514726, 0.0012664527, 0.10766246, 1.8938003, 618, 0
286000, 0.03765215, 0.03014681, 0.001260593, 0.107689045, 1.893046, 618, 0
287000, 0.037566233, 0.029554894, 0.0012732503, 0.10769014, 1.8948714, 618, 0
288000, 0.038782816, 0.03200688, 0.0012692831, 0.10772683, 1.8954854, 618, 0
289000, 0.03862221, 0.02882673, 0.001265075, 0.10775465, 1.8947376, 618, 0
290000, 0.03831444, 0.03389724, 0.0012793216, 0.10777009, 1.8959501, 618, 0
291000, 0.038299028, 0.036666643, 0.0012694937, 0.10781175, 1.8972973, 618, 0
292000, 0.037956942, 0.029380703, 0.001274576, 0.10782344, 1.897254, 618, 0
293000, 0.038373407, 0.033939525, 0.0012876127, 0.107833065, 1.8986506, 618, 0
294000, 0.038556762, 0.026321694, 0.0012943698, 0.107852876, 1.8997176, 618, 0
295000, 0.038844634, 0.030786078, 0.0012944182, 0.10788029, 1.9028134, 618, 0
296000, 0.03897424, 0.021682907, 0.0012981436, 0.10790452, 1.9043818, 618, 0
297000, 0.037919465, 0.027935699, 0.0012969242, 0.10793633, 1.9052067, 619, 0
298000, 0.038118772, 0.03710693, 0.0013080767, 0.10796416, 1.9083831, 619, 0
299000, 0.039074026, 0.0328685, 0.0013045621, 0.10801586, 1.911626, 619, 0
300000, 0.039479963, 0.028246755, 0.0013048186, 0.10806343, 1.9130534, 619, 0
301000, 0.03865583, 0.0309869, 0.0013095749, 0.10810679, 1.9142354, 619, 0
302000, 0.03995735, 0.028408812, 0.0013078761, 0.1081473, 1.916642, 619, 0
303000, 0.039529294, 0.03354911, 0.0013154926, 0.10818917, 1.9177046, 617, 0
304000, 0.0399532, 0.03404211, 0.0013091295, 0.108248316, 1.9171731, 618, 0
305000, 0.040109742, 0.025852716, 0.001309348, 0.10828641, 1.9200778, 617, 0
306000, 0.03965609, 0.030755782, 0.0013138042, 0.108325444, 1.9205518, 619, 0
307000, 0.040438592, 0.030084249, 0.0013092703, 0.10837628, 1.9214492, 619, 0
308000, 0.040148634, 0.035162013, 0.0013223608, 0.10840183, 1.9237136, 618, 0
309000, 0.040078547, 0.028195146, 0.0013227683, 0.10845998, 1.9258928, 618, 0
310000, 0.04033769, 0.028816491, 0.0013255746, 0.108504534, 1.926905, 618, 0
311000, 0.0399257, 0.030363373, 0.0013251848, 0.10857032, 1.9282374, 619, 0
312000, 0.040334966, 0.031478107, 0.0013224846, 0.1086277, 1.9327767, 619, 0
313000, 0.040227044, 0.030633794, 0.0013193218, 0.10869088, 1.935823, 619, 0
314000, 0.040508144, 0.032873277, 0.0013281329, 0.108729914, 1.9381031, 619, 0
315000, 0.039576385, 0.033530388, 0.0013274158, 0.10879095, 1.9393358, 619, 0
316000, 0.03904415, 0.03343201, 0.0013323276, 0.108832985, 1.9427545, 619, 0
317000, 0.039149586, 0.037847597, 0.0013442887, 0.10887406, 1.9448453, 620, 0
318000, 0.038768537, 0.034982555, 0.001338127, 0.10893641, 1.9476103, 620, 0
319000, 0.039307345, 0.032996256, 0.0013417715, 0.108985856, 1.9484122, 620, 0
320000, 0.038337875, 0.040992424, 0.0013318795, 0.10908005, 1.9518707, 619, 0
321000, 0.03875889, 0.035443492, 0.0013351403, 0.10914346, 1.955067, 619, 0
322000, 0.03864237, 0.038692765, 0.0013430013, 0.10920499, 1.9604253, 620, 0
323000, 0.038792916, 0.043279823, 0.0013343628, 0.10928408, 1.9626555, 619, 0
324000, 0.03930698, 0.039193425, 0.0013271909, 0.10936055, 1.9654007, 620, 0
325000, 0.03927031, 0.037719607, 0.0013295215, 0.10941697, 1.968716, 620, 0
326000, 0.039008435, 0.041811988, 0.0013342222, 0.109476805, 1.9720846, 620, 0
327000, 0.039138585, 0.039092313, 0.0013279938, 0.10955813, 1.9761477, 620, 0
328000, 0.038614836, 0.04158354, 0.0013261287, 0.10962742, 1.9786129, 619, 0
329000, 0.039335363, 0.03896544, 0.0013208657, 0.1096926, 1.9826028, 618, 0
330000, 0.03891262, 0.046619218, 0.0013165586, 0.10976652, 1.9882661, 618, 0
331000, 0.03986635, 0.040309563, 0.0013184386, 0.10980969, 1.9925294, 618, 0
332000, 0.039133534, 0.043271437, 0.0013121689, 0.10988591, 1.9956042, 618, 0
333000, 0.038111888, 0.04156779, 0.001314303, 0.10995316, 1.9985917, 617, 0
334000, 0.03812946, 0.04072009, 0.0013113017, 0.11002449, 2.003589, 617, 0
335000, 0.039384264, 0.044444162, 0.0012959258, 0.11009899, 2.0084817, 617, 0
336000, 0.03895077, 0.038915176, 0.0013021817, 0.11014592, 2.0106127, 617, 0
337000, 0.03848054, 0.04300629, 0.0012868721, 0.11022777, 2.0152235, 617, 0
338000, 0.03925562, 0.040675234, 0.0012980778, 0.110254474, 2.0176232, 617, 0
339000, 0.03888064, 0.03779285, 0.0012890183, 0.11031619, 2.0203676, 617, 0
340000, 0.039846808, 0.036914703, 0.0012963068, 0.11035851, 2.0238972, 617, 0
341000, 0.038921665, 0.035024107, 0.0012925277, 0.11040003, 2.026322, 617, 0
342000, 0.038653966, 0.035961293, 0.0012910218, 0.11045601, 2.0298362, 617, 0
343000, 0.03869359, 0.03200713, 0.0012814421, 0.110513985, 2.0341835, 617, 0
344000, 0.038682863, 0.041310847, 0.0012893536, 0.110560566, 2.0384393, 617, 0
345000, 0.03835328, 0.032655835, 0.00128579, 0.11061684, 2.0424025, 618, 0
346000, 0.03863144, 0.035071503, 0.0012864051, 0.11066626, 2.043313, 618, 0
347000, 0.038804572, 0.03020065, 0.001294556, 0.11069255, 2.0464244, 618, 0
348000, 0.038953602, 0.03177357, 0.0012891532, 0.110750996, 2.051399, 618, 0
349000, 0.039342076, 0.03855171, 0.0012755657, 0.11082761, 2.054459, 618, 0
350000, 0.03995163, 0.037715465, 0.001282972, 0.110860996, 2.0568545, 618, 0
351000, 0.039138094, 0.029464701, 0.0012732401, 0.11091366, 2.0608191, 619, 0
352000, 0.03889744, 0.03545317, 0.0012760307, 0.110962324, 2.0610304, 619, 0
353000, 0.039117295, 0.028149487, 0.0012737601, 0.1110004, 2.0644124, 618, 0
354000, 0.038447894, 0.031948853, 0.0012799933, 0.111044414, 2.0667922, 618, 0
355000, 0.039491333, 0.02546274, 0.0012734446, 0.11109769, 2.0709238, 618, 0
356000, 0.0393333, 0.030394953, 0.0012663933, 0.111166015, 2.073358, 618, 0
357000, 0.038799863, 0.025459548, 0.0012696368, 0.11120899, 2.07649, 618, 0
358000, 0.038422853, 0.029557081, 0.0012691577, 0.11125649, 2.0782049, 618, 0
359000, 0.0380729, 0.03400086, 0.0012647038, 0.11129518, 2.0828028, 618, 0
360000, 0.037555844, 0.0370598, 0.0012749084, 0.1113373, 2.0849633, 618, 0
361000, 0.038459178, 0.037079997, 0.0012596124, 0.11138659, 2.090102, 618, 0
362000, 0.039056826, 0.031260733, 0.0012679681, 0.11140162, 2.0925636, 618, 0
363000, 0.039607584, 0.032396935, 0.0012593642, 0.11142658, 2.09707, 618, 0
364000, 0.038951274, 0.02965387, 0.0012682201, 0.11144433, 2.100125, 618, 0
365000, 0.039298903, 0.022952605, 0.0012626459, 0.11147869, 2.1026802, 617, 0
366000, 0.03932063, 0.02537112, 0.0012654986, 0.11150678, 2.1056862, 617, 0
367000, 0.03937041, 0.02528169, 0.0012569681, 0.11155523, 2.1089504, 618, 0
368000, 0.039579976, 0.028560134, 0.0012568135, 0.11158358, 2.1118639, 618, 0
369000, 0.039058432, 0.025386134, 0.0012588535, 0.11159935, 2.1155, 618, 0
370000, 0.039851606, 0.023471145, 0.0012569852, 0.111609615, 2.1176643, 618, 0
371000, 0.039154034, 0.0300236, 0.0012580906, 0.11165378, 2.1193607, 618, 0
372000, 0.03965713, 0.035622988, 0.001245208, 0.111705676, 2.1233068, 617, 0
373000, 0.040112004, 0.03193193, 0.001243507, 0.111741565, 2.1248164, 617, 0
374000, 0.03946206, 0.027845927, 0.0012516162, 0.11175772, 2.127897, 618, 0
375000, 0.038594186, 0.023689987, 0.0012438365, 0.11179755, 2.1305118, 617, 0
376000, 0.03870679, 0.02766867, 0.0012490915, 0.11181249, 2.133338, 617, 0
377000, 0.038731378, 0.022875173, 0.0012533972, 0.11182709, 2.1358228, 617, 0
378000, 0.03870447, 0.023284629, 0.0012474802, 0.111861594, 2.1393404, 617, 0
379000, 0.039585114, 0.030583698, 0.0012354014, 0.11191876, 2.1426327, 617, 0
380000, 0.039258186, 0.02222034, 0.0012371719, 0.111932956, 2.1457157, 618, 0
381000, 0.039232127, 0.028333776, 0.0012435799, 0.111947596, 2.1485126, 618, 0
382000, 0.03957606, 0.0211709, 0.001247285, 0.11195933, 2.1517248, 618, 0
383000, 0.039408054, 0.037324928, 0.0012363667, 0.1120093, 2.1529346, 618, 0
384000, 0.03977149, 0.035727844, 0.0012492276, 0.1120067, 2.1557145, 617, 0
385000, 0.03978058, 0.031018436, 0.0012384536, 0.11203838, 2.158345, 617, 0
386000, 0.04059031, 0.029069828, 0.0012480327, 0.11203359, 2.1604786, 617, 0
387000, 0.04025601, 0.024494765, 0.0012377616, 0.11207572, 2.162239, 617, 0
388000, 0.03995518, 0.024585467, 0.0012302478, 0.11210746, 2.1646953, 617, 0
389000, 0.040345613, 0.019929348, 0.0012351561, 0.11211835, 2.1679964, 617, 0
390000, 0.04005105, 0.021377504, 0.0012321307, 0.11214767, 2.169779, 617, 0
391000, 0.039701663, 0.02667191, 0.0012262177, 0.112187915, 2.1720715, 617, 0
392000, 0.03968932, 0.019452764, 0.0012233338, 0.11221823, 2.175014, 617, 0
393000, 0.04106429, 0.02705919, 0.0012310429, 0.11221897, 2.1767144, 617, 0
394000, 0.04031735, 0.022992572, 0.0012296748, 0.11223759, 2.1788204, 617, 0
395000, 0.04091874, 0.019673193, 0.001224352, 0.112267904, 2.1818182, 617, 0
396000, 0.041359566, 0.037582446, 0.001208299, 0.11230691, 2.1836836, 617, 0
397000, 0.040382788, 0.03687572, 0.0012250958, 0.11229999, 2.185261, 617, 0
398000, 0.03991854, 0.01956063, 0.0012233712, 0.11232764, 2.1870906, 617, 0
399000, 0.03999704, 0.020700328, 0.0012268495, 0.11234399, 2.1895018, 617, 0
400000, 0.039971538, 0.024640787, 0.0012221835, 0.11237416, 2.191164, 617, 0
401000, 0.039880764, 0.02842012, 0.001209968, 0.11241776, 2.192302, 617, 0
402000, 0.039720137, 0.032357253, 0.001225205, 0.11241663, 2.1949942, 617, 0
403000, 0.03965677, 0.025608843, 0.0012134763, 0.11244288, 2.1975677, 617, 0
404000, 0.040462784, 0.022238776, 0.0012080214, 0.112478785, 2.2000518, 617, 0
405000, 0.04089832, 0.02275052, 0.0011999349, 0.112501174, 2.202899, 617, 0
406000, 0.04080135, 0.023357488, 0.0011997884, 0.1125283, 2.2044866, 617, 0
407000, 0.040661912, 0.02589738, 0.0011887519, 0.11255666, 2.2060704, 617, 0
408000, 0.040578507, 0.020655645, 0.0011931072, 0.112574086, 2.2091525, 618, 0
409000, 0.040118758, 0.025019191, 0.0011866511, 0.11259332, 2.2105873, 618, 0
410000, 0.04025817, 0.02188264, 0.0011934459, 0.112600185, 2.2130497, 618, 0
411000, 0.040330358, 0.019324936, 0.0011995134, 0.11260919, 2.2154071, 618, 0
412000, 0.040133167, 0.022981992, 0.0011920575, 0.11263644, 2.2176101, 618, 0
413000, 0.04109558, 0.020697495, 0.0011918365, 0.11266888, 2.220751, 618, 0
414000, 0.040674098, 0.043198, 0.0011709298, 0.11270636, 2.222052, 618, 0
415000, 0.03968669, 0.038157064, 0.0011887276, 0.11269316, 2.2252204, 618, 0
416000, 0.04009116, 0.028130578, 0.0011785133, 0.11274228, 2.2279704, 618, 0
417000, 0.04011564, 0.029218543, 0.0011905376, 0.11274494, 2.2296076, 618, 0
418000, 0.040513404, 0.029593747, 0.001176347, 0.11277908, 2.2321322, 618, 0
419000, 0.039679132, 0.019596552, 0.0011838916, 0.112783685, 2.2356312, 618, 0
420000, 0.04160337, 0.031018646, 0.0011948372, 0.1127635, 2.2377055, 619, 0
421000, 0.041253123, 0.021495651, 0.0011897392, 0.1127728, 2.2393854, 619, 0
422000, 0.04118887, 0.02904317, 0.0011790879, 0.11279773, 2.241364, 619, 0
423000, 0.041467704, 0.021377131, 0.0011827544, 0.11281473, 2.2427053, 619, 0
424000, 0.04052317, 0.017750226, 0.0011816226, 0.11281226, 2.2439737, 619, 0
425000, 0.040145442, 0.025469385, 0.0011913498, 0.112810366, 2.2463014, 618, 0
426000, 0.040463578, 0.026955748, 0.0011847003, 0.11283704, 2.2492692, 618, 0
427000, 0.04072664, 0.025900038, 0.0011847035, 0.11286283, 2.251447, 618, 0
428000, 0.04022844, 0.020823644, 0.0011827816, 0.11286736, 2.254044, 618, 0
429000, 0.040307682, 0.024392558, 0.0011908967, 0.11287092, 2.2565506, 618, 0
430000, 0.04078251, 0.026099289, 0.0011801852, 0.11290466, 2.258169, 617, 0
431000, 0.04009853, 0.029774481, 0.001172189, 0.11293461, 2.2612288, 617, 0
432000, 0.041235793, 0.029145177, 0.0011724791, 0.11293015, 2.2632055, 617, 0
433000, 0.040444795, 0.024249602, 0.0011786425, 0.112946734, 2.265868, 617, 0
434000, 0.04172938, 0.029965576, 0.0011687337, 0.11296349, 2.268552, 617, 0
435000, 0.042170458, 0.019778294, 0.0011717802, 0.11298047, 2.2717366, 617, 0
436000, 0.041578207, 0.04183097, 0.0011513467, 0.113039576, 2.2739532, 617, 0
437000, 0.039994214, 0.029224753, 0.0011599744, 0.11304017, 2.2775261, 617, 0
438000, 0.039959047, 0.022027927, 0.0011539222, 0.11307412, 2.2796378, 618, 0
439000, 0.041300237, 0.018376237, 0.0011514246, 0.1130886, 2.2827775, 618, 0
440000, 0.04057404, 0.017092017, 0.0011564874, 0.11308564, 2.2852566, 618, 0
441000, 0.03993494, 0.023172578, 0.0011622491, 0.11308898, 2.2880733, 618, 0
442000, 0.04007668, 0.025468707, 0.001155897, 0.11311562, 2.2904112, 617, 0
443000, 0.038915984, 0.024939815, 0.0011617475, 0.11311779, 2.2938292, 617, 0
444000, 0.039477445, 0.026388368, 0.0011691899, 0.11310606, 2.296456, 617, 0
445000, 0.039966136, 0.018875036, 0.001167214, 0.11313339, 2.2973745, 617, 0
446000, 0.03919032, 0.03428941, 0.001151037, 0.113169245, 2.2985244, 617, 0
447000, 0.039422728, 0.02042588, 0.0011582102, 0.11318604, 2.3008096, 617, 0
448000, 0.03970383, 0.02173876, 0.0011644397, 0.11318127, 2.301873, 617, 0
449000, 0.039758284, 0.023549449, 0.0011684928, 0.113172494, 2.304642, 617, 0
450000, 0.04002254, 0.023532668, 0.0011605667, 0.113199554, 2.306947, 617, 0
451000, 0.041202128, 0.02074318, 0.0011615203, 0.11319314, 2.3087146, 617, 0
452000, 0.03942894, 0.026413195, 0.0011705551, 0.113167174, 2.3104846, 617, 0
453000, 0.040655237, 0.017627642, 0.0011671567, 0.11318379, 2.3138103, 618, 0
454000, 0.039992765, 0.02123577, 0.0011627029, 0.11321094, 2.317367, 618, 0
455000, 0.03900776, 0.015864896, 0.0011636245, 0.1132174, 2.319448, 618, 0
456000, 0.039748326, 0.026127022, 0.0011747685, 0.113210306, 2.3211944, 617, 0
457000, 0.04011164, 0.01732085, 0.0011688083, 0.11323224, 2.3224442, 617, 0
458000, 0.039513905, 0.017786104, 0.0011722553, 0.11322941, 2.3247845, 618, 0
459000, 0.039504327, 0.016433634, 0.0011739068, 0.11324595, 2.3274674, 618, 0
460000, 0.039915364, 0.01894424, 0.0011796248, 0.11325535, 2.3299794, 618, 0
461000, 0.03950833, 0.017696926, 0.00118429, 0.113248214, 2.3318255, 618, 0
462000, 0.039255112, 0.024896696, 0.0011738827, 0.11327518, 2.3332186, 618, 0
463000, 0.04081412, 0.014836202, 0.0011728693, 0.11328817, 2.3341875, 617, 0
464000, 0.040053528, 0.015810462, 0.0011740513, 0.1132982, 2.336712, 618, 0
465000, 0.039913733, 0.022868477, 0.0011810097, 0.1133082, 2.3394377, 617, 0
466000, 0.040074058, 0.017676972, 0.0011784979, 0.11331678, 2.3419802, 617, 0
467000, 0.03965196, 0.021009726, 0.0011842207, 0.11330864, 2.3437169, 617, 0
468000, 0.04057139, 0.025021167, 0.0011735975, 0.11333889, 2.3452559, 617, 0
469000, 0.04056366, 0.03746164, 0.001189558, 0.11330605, 2.347343, 617, 0
470000, 0.039673846, 0.032357156, 0.0011773638, 0.11334398, 2.3488452, 617, 0
471000, 0.03956585, 0.020446096, 0.0011791271, 0.11336918, 2.3513787, 617, 0
472000, 0.040159825, 0.01238789, 0.0011792897, 0.11338216, 2.3523927, 617, 0
473000, 0.04017796, 0.029556716, 0.001165516, 0.11341769, 2.3557847, 617, 0
474000, 0.0401761, 0.01333115, 0.0011666527, 0.11342839, 2.3579705, 617, 0
475000, 0.04045314, 0.015802298, 0.0011695541, 0.11344445, 2.3597124, 617, 0
476000, 0.04029645, 0.02181738, 0.001179357, 0.11343403, 2.3618095, 617, 0
477000, 0.040493622, 0.02172806, 0.0011844499, 0.113429844, 2.364844, 617, 0
478000, 0.04002231, 0.019927625, 0.0011811565, 0.11345026, 2.36686, 617, 0
479000, 0.040814158, 0.034963742, 0.0011629628, 0.11347602, 2.3693821, 617, 0
480000, 0.040789437, 0.040699743, 0.0011797143, 0.11346592, 2.3714046, 617, 0
481000, 0.039806996, 0.028148942, 0.0011663247, 0.11349059, 2.3736312, 617, 0
482000, 0.04108161, 0.01566705, 0.0011661499, 0.113489725, 2.3756506, 617, 0
483000, 0.03981599, 0.032234795, 0.0011807649, 0.11347852, 2.3776772, 617, 0
484000, 0.04008632, 0.019884557, 0.0011834037, 0.11346131, 2.3808622, 617, 0
485000, 0.040152, 0.016213888, 0.0011826865, 0.11347189, 2.383125, 617, 0
486000, 0.0405126, 0.015956331, 0.0011789388, 0.113481805, 2.385887, 617, 0
487000, 0.039688263, 0.01577258, 0.0011781356, 0.1134953, 2.3883536, 617, 0
488000, 0.041009076, 0.0282202, 0.0011685998, 0.1135244, 2.3895748, 617, 0
489000, 0.04052805, 0.018024001, 0.0011682223, 0.113532424, 2.3905306, 617, 0
490000, 0.040632885, 0.027047362, 0.0011543741, 0.113564506, 2.3930018, 617, 0
491000, 0.040626373, 0.02621049, 0.0011647826, 0.113573335, 2.3953824, 617, 0
492000, 0.041191578, 0.025657536, 0.0011514085, 0.11361144, 2.398597, 617, 0
493000, 0.040515296, 0.01978836, 0.0011553777, 0.11362284, 2.401573, 617, 0
494000, 0.0403659, 0.027138311, 0.001150496, 0.113650694, 2.4037497, 617, 0
495000, 0.04057145, 0.03439619, 0.0011327515, 0.113674745, 2.4061127, 617, 0
496000, 0.0400067, 0.036980893, 0.00115107, 0.11366539, 2.4082065, 617, 0
497000, 0.040894426, 0.017891452, 0.0011554542, 0.11365985, 2.4104974, 617, 0
498000, 0.040153548, 0.019003738, 0.0011522777, 0.11368006, 2.4130259, 617, 0
499000, 0.039617807, 0.016777808, 0.0011504118, 0.11368313, 2.4149535, 617, 0
500000, 0.03940735, 0.02230087, 0.0011554514, 0.11367975, 2.4178693, 617, 0
501000, 0.040191732, 0.019295547, 0.0011576859, 0.11367859, 2.4207132, 617, 0
502000, 0.038591884, 0.028308887, 0.0011702996, 0.11367651, 2.4229872, 617, 0
503000, 0.039258186, 0.019184552, 0.0011664908, 0.1136901, 2.426218, 617, 0
504000, 0.03935424, 0.030898476, 0.0011795064, 0.11366005, 2.4295318, 617, 0
505000, 0.04055908, 0.018509738, 0.0011753989, 0.11366564, 2.4315941, 617, 0
506000, 0.040195845, 0.022243941, 0.0011754041, 0.11368593, 2.4335582, 617, 0
507000, 0.040664196, 0.023174638, 0.0011750754, 0.113689154, 2.4364998, 617, 0
508000, 0.040599667, 0.020687772, 0.0011750883, 0.11367556, 2.4385688, 617, 0
509000, 0.039443467, 0.022231018, 0.0011788427, 0.11368189, 2.440362, 617, 0
510000, 0.04025717, 0.026083693, 0.0011725017, 0.113697544, 2.4422617, 617, 0
511000, 0.03999969, 0.027908988, 0.0011838258, 0.11368224, 2.4454343, 617, 0
512000, 0.040335786, 0.022632118, 0.0011779708, 0.113696344, 2.4466152, 617, 0
513000, 0.04110748, 0.024027113, 0.0011869743, 0.11368923, 2.4489489, 617, 0
514000, 0.040517826, 0.021857452, 0.0011930225, 0.11367408, 2.4502528, 617, 0
515000, 0.039996434, 0.0347296, 0.0011791589, 0.113702916, 2.4529736, 617, 0
516000, 0.039705355, 0.025459869, 0.0011885461, 0.11370181, 2.4558868, 617, 0
517000, 0.03964913, 0.022776876, 0.0011801489, 0.11374052, 2.458917, 617, 0
518000, 0.03954292, 0.038305882, 0.0011996482, 0.11370898, 2.4606192, 617, 0
519000, 0.040014032, 0.022622285, 0.0011939313, 0.11373155, 2.4635112, 617, 0
520000, 0.03967026, 0.021835495, 0.0011899034, 0.11373219, 2.4666374, 617, 0
521000, 0.041281074, 0.018697448, 0.001188399, 0.11372985, 2.4679472, 617, 0
522000, 0.04046059, 0.025365232, 0.001186015, 0.11375009, 2.4701989, 617, 0
523000, 0.039933126, 0.018893758, 0.0011906194, 0.11375323, 2.4710732, 617, 0
524000, 0.039657958, 0.01748643, 0.0011856155, 0.1137664, 2.472645, 617, 0
525000, 0.03942194, 0.021714002, 0.0011829847, 0.11380229, 2.4751184, 617, 0
526000, 0.03945039, 0.018455617, 0.0011800128, 0.11382826, 2.478001, 617, 0
527000, 0.040461943, 0.029153481, 0.0011693427, 0.11386628, 2.4807842, 617, 0
528000, 0.039466318, 0.024427038, 0.0011797561, 0.113863185, 2.482445, 617, 0
529000, 0.039826717, 0.023271468, 0.001170396, 0.11389151, 2.4853237, 617, 0
530000, 0.038006827, 0.02929699, 0.0011839492, 0.11388764, 2.487689, 617, 0
531000, 0.03924177, 0.030139985, 0.0011696351, 0.11390323, 2.488915, 617, 0
532000, 0.0397048, 0.022346623, 0.0011769491, 0.113913596, 2.491717, 617, 0
533000, 0.039541654, 0.017671911, 0.001182137, 0.11391864, 2.493894, 617, 0
534000, 0.040394276, 0.016530052, 0.0011797576, 0.11393282, 2.495936, 617, 0
535000, 0.0400681, 0.021812065, 0.0011883918, 0.11393707, 2.4974058, 617, 0
536000, 0.039886463, 0.026419267, 0.0011809702, 0.11395813, 2.4988601, 617, 0
537000, 0.039572377, 0.01649688, 0.0011873725, 0.11397184, 2.5008845, 617, 0
538000, 0.03952108, 0.035534736, 0.0011726259, 0.11401664, 2.5034935, 617, 0
539000, 0.040644955, 0.029098649, 0.001183613, 0.11400914, 2.5055163, 617, 0
540000, 0.040372103, 0.02197025, 0.0011892004, 0.11399369, 2.5071638, 617, 0
541000, 0.039124586, 0.016160121, 0.0011916789, 0.11399387, 2.5099318, 617, 0
542000, 0.04079876, 0.015104848, 0.0011947533, 0.113992125, 2.51087, 617, 0
543000, 0.03972403, 0.021247448, 0.0012020795, 0.11398897, 2.5134175, 617, 0
544000, 0.039221365, 0.015440406, 0.0012021622, 0.11401231, 2.5157025, 617, 0
545000, 0.038966067, 0.017234255, 0.0011980796, 0.11403535, 2.518064, 617, 0
546000, 0.039563086, 0.026395567, 0.0012116948, 0.11402513, 2.5206645, 617, 0
547000, 0.039752908, 0.028481489, 0.0011994642, 0.1140485, 2.5225155, 617, 0
548000, 0.03830488, 0.026871374, 0.0012111306, 0.11404948, 2.5249412, 617, 0
549000, 0.03953121, 0.018498795, 0.0012051183, 0.114070915, 2.5281334, 617, 0
550000, 0.03928512, 0.021316769, 0.0012045425, 0.11407013, 2.5293138, 617, 0
551000, 0.03988814, 0.014704465, 0.0012068538, 0.11407456, 2.5317466, 617, 0
552000, 0.04001936, 0.026427366, 0.0012197385, 0.11405919, 2.5344012, 617, 0
553000, 0.03986025, 0.018298367, 0.0012207392, 0.11406035, 2.5347683, 617, 0
554000, 0.04054147, 0.016411085, 0.0012185196, 0.11407612, 2.5372837, 618, 0
555000, 0.04093344, 0.019540794, 0.0012206159, 0.11407379, 2.5386753, 618, 0
556000, 0.03934757, 0.021452658, 0.0012264503, 0.11406763, 2.5403783, 618, 0
557000, 0.039125845, 0.029424306, 0.0012131359, 0.114098966, 2.5434542, 618, 0
558000, 0.03939312, 0.02839091, 0.0012222193, 0.114116296, 2.5476334, 618, 0
559000, 0.0385978, 0.019707117, 0.0012157436, 0.11413889, 2.549787, 618, 0
560000, 0.038624346, 0.02103164, 0.0012084879, 0.11416672, 2.552003, 618, 0
561000, 0.03894193, 0.02315445, 0.0012141365, 0.11416386, 2.5542521, 618, 0
562000, 0.039353672, 0.02318667, 0.0012062769, 0.11418312, 2.5563087, 618, 0
563000, 0.03827428, 0.022057548, 0.001202349, 0.11420958, 2.558172, 617, 0
564000, 0.038754746, 0.016932817, 0.0012036866, 0.11421769, 2.5606701, 617, 0
565000, 0.03959972, 0.020582743, 0.0012031709, 0.114238866, 2.5611715, 617, 0
566000, 0.03997971, 0.022923283, 0.0012099324, 0.11425141, 2.564376, 618, 0
567000, 0.040569667, 0.016781136, 0.0012046598, 0.114267826, 2.565824, 618, 0
568000, 0.038641304, 0.022224547, 0.0012110043, 0.11429129, 2.5672395, 618, 0
569000, 0.03960264, 0.02164622, 0.0012030002, 0.114328444, 2.5688527, 617, 0
570000, 0.03966848, 0.01730211, 0.0012046671, 0.11433779, 2.5708134, 617, 0
571000, 0.04034891, 0.022242114, 0.0012058826, 0.11432971, 2.5736434, 617, 0
572000, 0.03929458, 0.024659486, 0.0012141804, 0.11432712, 2.5752554, 617, 0
573000, 0.03920891, 0.01645184, 0.0012184822, 0.11432615, 2.5771847, 617, 0
574000, 0.039704908, 0.02333185, 0.0012122433, 0.11436982, 2.5797596, 617, 0
575000, 0.03860602, 0.023565752, 0.001221632, 0.11437633, 2.5822496, 617, 0
576000, 0.03802387, 0.019231603, 0.0012209886, 0.114378124, 2.583642, 618, 0
577000, 0.03790085, 0.017735794, 0.0012216135, 0.11437643, 2.5864902, 618, 0
578000, 0.03834618, 0.026276374, 0.0012346368, 0.11436993, 2.587869, 618, 0
579000, 0.03903033, 0.021743678, 0.0012320317, 0.11437439, 2.5883217, 618, 0
580000, 0.03936077, 0.016714446, 0.0012356016, 0.11439467, 2.5897646, 618, 0
581000, 0.03937184, 0.025001865, 0.001225896, 0.114419915, 2.5909665, 617, 0
582000, 0.039310504, 0.022917798, 0.0012324896, 0.11441767, 2.5927482, 618, 0
583000, 0.038203027, 0.02142724, 0.0012324735, 0.11443202, 2.5947402, 618, 0
584000, 0.039167646, 0.021650387, 0.0012266133, 0.11445398, 2.5954053, 617, 0
585000, 0.03958593, 0.019389868, 0.0012284431, 0.11448121, 2.5977294, 617, 0
586000, 0.039954457, 0.030540595, 0.0012181924, 0.1145129, 2.5986423, 617, 0
587000, 0.03923424, 0.047623128, 0.0012423159, 0.11448736, 2.600016, 618, 0
588000, 0.038338844, 0.032689292, 0.0012322654, 0.11450838, 2.602556, 618, 0
589000, 0.038379952, 0.03431785, 0.0012458852, 0.114508584, 2.6027899, 618, 0
590000, 0.037159372, 0.032545537, 0.0012495681, 0.11453667, 2.6038105, 617, 0
591000, 0.038298365, 0.022031672, 0.0012473773, 0.11455725, 2.604498, 617, 0
592000, 0.03806219, 0.028124431, 0.0012441577, 0.11458516, 2.6068733, 617, 0
593000, 0.03826171, 0.026550246, 0.0012466111, 0.114592865, 2.6081393, 617, 0
594000, 0.038033236, 0.027112896, 0.0012395376, 0.11462639, 2.6098845, 617, 0
595000, 0.038254544, 0.023117242, 0.0012418057, 0.11465523, 2.6109738, 617, 0
596000, 0.038057204, 0.024026996, 0.0012397673, 0.11469333, 2.6129582, 617, 0
597000, 0.039284457, 0.030693073, 0.0012491222, 0.114688545, 2.613935, 617, 0
598000, 0.038380247, 0.029859524, 0.0012565018, 0.114699274, 2.615108, 617, 0
599000, 0.03759953, 0.035275046, 0.0012459863, 0.11474438, 2.6165698, 617, 0
600000, 0.03843258, 0.027924368, 0.0012389077, 0.114773326, 2.6173093, 618, 0
601000, 0.0381468, 0.023369817, 0.0012379374, 0.11479944, 2.6190822, 617, 0
602000, 0.039071072, 0.030664308, 0.0012513534, 0.11481043, 2.620273, 618, 0
603000, 0.03862029, 0.031072285, 0.0012422099, 0.114864744, 2.6216002, 618, 0
604000, 0.03879261, 0.019187383, 0.0012417788, 0.114903145, 2.6225536, 618, 0
605000, 0.03819409, 0.027620725, 0.0012321093, 0.11494707, 2.6240747, 617, 0
606000, 0.039888326, 0.031548396, 0.0012476403, 0.11495743, 2.6252842, 617, 0
607000, 0.03865669, 0.020779826, 0.001243155, 0.11500081, 2.6270545, 617, 0
608000, 0.03866861, 0.030707398, 0.0012320188, 0.11504682, 2.6276655, 617, 0
609000, 0.038540393, 0.032659896, 0.0012457286, 0.11504789, 2.6298347, 617, 0
610000, 0.03884102, 0.022307035, 0.0012441897, 0.11507722, 2.6311352, 617, 0
611000, 0.039621476, 0.03012795, 0.0012510094, 0.1150906, 2.6327093, 617, 0
612000, 0.03892068, 0.036243703, 0.001234503, 0.11515889, 2.634506, 617, 0
613000, 0.039597988, 0.025386212, 0.0012397311, 0.11517242, 2.635842, 617, 0
614000, 0.03826934, 0.01663034, 0.0012424287, 0.11519928, 2.6372204, 617, 0
615000, 0.03877749, 0.025239637, 0.0012508434, 0.115225516, 2.6382535, 617, 0
616000, 0.037802834, 0.020687237, 0.0012443165, 0.11525416, 2.6393435, 617, 0
617000, 0.038270634, 0.018843673, 0.0012428493, 0.11529559, 2.6413076, 617, 0
618000, 0.039177977, 0.01353838, 0.0012429553, 0.11531878, 2.6423085, 617, 0
619000, 0.038124964, 0.039944455, 0.0012646122, 0.11530729, 2.643148, 617, 0
620000, 0.039505888, 0.020797871, 0.0012565526, 0.11533335, 2.644464, 617, 0
621000, 0.038788445, 0.033399068, 0.0012722329, 0.11535483, 2.6458235, 617, 0
622000, 0.039243903, 0.028233226, 0.0012586657, 0.11539505, 2.646485, 617, 0
623000, 0.0389763, 0.019027852, 0.0012540971, 0.11543154, 2.6484158, 617, 0
624000, 0.039485753, 0.02765193, 0.0012651095, 0.115414485, 2.649422, 617, 0
625000, 0.038396038, 0.027677441, 0.001274845, 0.11542178, 2.6511695, 617, 0
626000, 0.03877064, 0.030172208, 0.0012592983, 0.115459695, 2.6523504, 617, 0
627000, 0.037776303, 0.020001493, 0.0012632475, 0.11547382, 2.65308, 617, 0
628000, 0.038463186, 0.020485098, 0.0012712431, 0.11547962, 2.6548102, 617, 0
629000, 0.038940094, 0.022763371, 0.0012738577, 0.115504466, 2.6556118, 617, 0
630000, 0.03868272, 0.022665348, 0.0012653422, 0.11553594, 2.6567833, 617, 0
631000, 0.04024728, 0.04125093, 0.0012836271, 0.11553609, 2.6576574, 617, 0
632000, 0.03927424, 0.023192659, 0.0012764742, 0.11557439, 2.6589425, 617, 0
633000, 0.038765732, 0.02874921, 0.001285458, 0.11559343, 2.6609082, 617, 0
634000, 0.038849473, 0.020333458, 0.0012767584, 0.11562828, 2.6624062, 617, 0
635000, 0.03937581, 0.025740292, 0.0012886475, 0.115637586, 2.6637423, 617, 0
636000, 0.040214688, 0.02430465, 0.0012809047, 0.11568982, 2.6651256, 617, 0
637000, 0.038881782, 0.019451614, 0.0012846946, 0.115698494, 2.6668546, 617, 0
638000, 0.039547395, 0.013625343, 0.0012851522, 0.11570785, 2.6681297, 617, 0
639000, 0.03946583, 0.025481835, 0.001276753, 0.11575661, 2.6688323, 617, 0
640000, 0.039638303, 0.02641053, 0.0012859198, 0.115768105, 2.6705008, 617, 0
641000, 0.039463714, 0.02277048, 0.0012779509, 0.115808725, 2.6722064, 617, 0
642000, 0.039752442, 0.05135592, 0.0012519032, 0.11587609, 2.6736937, 617, 0
643000, 0.039348718, 0.039088346, 0.0012736898, 0.11586758, 2.6744542, 617, 0
644000, 0.038968813, 0.01849977, 0.0012720254, 0.11587973, 2.675235, 617, 0
645000, 0.038522072, 0.021012899, 0.0012787937, 0.11588878, 2.676101, 617, 0
646000, 0.039322313, 0.019454675, 0.0012823065, 0.115914576, 2.6777842, 617, 0
647000, 0.03902422, 0.022128593, 0.0012820347, 0.115956366, 2.6789691, 617, 0
648000, 0.03967859, 0.02180274, 0.0012828272, 0.11599155, 2.6804235, 617, 0
649000, 0.039812844, 0.02348767, 0.0012901125, 0.115992986, 2.6818285, 617, 0
650000, 0.0398982, 0.020887403, 0.0012853049, 0.11603271, 2.6830187, 617, 0
651000, 0.041099213, 0.01963863, 0.001281169, 0.11606488, 2.6844256, 617, 0
652000, 0.03835978, 0.027133528, 0.0012920259, 0.11607747, 2.6856835, 617, 0
653000, 0.03907432, 0.018704662, 0.0012910365, 0.11608155, 2.6873887, 617, 0
654000, 0.0394998, 0.020502198, 0.0012905762, 0.11609953, 2.6885226, 617, 0
655000, 0.03960221, 0.024853498, 0.0012887473, 0.116123654, 2.6902652, 617, 0
656000, 0.03949224, 0.01940477, 0.0012856285, 0.11616866, 2.6917045, 617, 0
657000, 0.03896556, 0.020857366, 0.0012826108, 0.11620309, 2.6927786, 617, 0
658000, 0.040107112, 0.027626097, 0.0012710498, 0.11624162, 2.6941679, 617, 0
659000, 0.038980138, 0.016349863, 0.0012741564, 0.11625689, 2.6955817, 617, 0
660000, 0.039468072, 0.018598374, 0.0012823157, 0.116277404, 2.6969378, 617, 0
661000, 0.039943725, 0.019821404, 0.0012791276, 0.11628805, 2.6988358, 617, 0
662000, 0.03939054, 0.041171324, 0.0013004153, 0.11626561, 2.7003284, 617, 0
663000, 0.03879846, 0.034744713, 0.0012834508, 0.11632558, 2.7011845, 617, 0
664000, 0.03969352, 0.022562591, 0.0012952466, 0.11631942, 2.7022367, 617, 0
665000, 0.039023746, 0.0186555, 0.00128828, 0.116364814, 2.7033758, 618, 0
666000, 0.03984207, 0.016035944, 0.0012913917, 0.116391346, 2.7040977, 618, 0
667000, 0.039392274, 0.023728494, 0.0013014753, 0.11639642, 2.7056935, 618, 0
668000, 0.03943173, 0.021591865, 0.0012942068, 0.1164308, 2.7065053, 618, 0
669000, 0.03888452, 0.021761267, 0.0013001205, 0.11643964, 2.7073803, 618, 0
670000, 0.040010523, 0.023557086, 0.0013056564, 0.11643934, 2.7085063, 618, 0
671000, 0.038801067, 0.020275049, 0.0013074147, 0.11646499, 2.7095428, 618, 0
672000, 0.039658792, 0.015140909, 0.0013088265, 0.11648468, 2.7102482, 618, 0
673000, 0.039290395, 0.01767566, 0.0013038333, 0.1165025, 2.7114315, 618, 0
674000, 0.039458636, 0.025054412, 0.0013125496, 0.116512954, 2.7124777, 618, 0
675000, 0.039675117, 0.018947164, 0.0013097022, 0.1165441, 2.7134438, 618, 0
676000, 0.039989486, 0.030853063, 0.0012959082, 0.11658657, 2.7142699, 618, 0
677000, 0.040015936, 0.03271344, 0.0013137945, 0.11658729, 2.715024, 618, 0
678000, 0.03993945, 0.031970203, 0.0012965791, 0.11663831, 2.717114, 618, 0
679000, 0.039754983, 0.02129054, 0.0012928942, 0.11665791, 2.717426, 618, 0
680000, 0.039864667, 0.033122223, 0.0013094861, 0.116671905, 2.718882, 618, 0
681000, 0.040658116, 0.024056034, 0.0012983811, 0.116695136, 2.7198684, 618, 0
682000, 0.039933827, 0.01817515, 0.0012970165, 0.11670759, 2.7204509, 618, 0
683000, 0.038876526, 0.028579999, 0.0013083358, 0.116725564, 2.7213883, 618, 0
684000, 0.040250856, 0.027573286, 0.0013018526, 0.11676688, 2.7221427, 618, 0
685000, 0.04075937, 0.029394273, 0.0013132383, 0.11677205, 2.7223928, 618, 0
686000, 0.040563777, 0.027583668, 0.0013080953, 0.11678012, 2.7233222, 618, 0
687000, 0.04067406, 0.035276502, 0.001322837, 0.11677453, 2.7250042, 618, 0
688000, 0.040196244, 0.02267111, 0.0013278784, 0.11679846, 2.7255766, 618, 0
689000, 0.040736414, 0.037869606, 0.0013104294, 0.11683524, 2.7262928, 618, 0
690000, 0.040043317, 0.02436638, 0.0013169918, 0.116868846, 2.727502, 618, 0
691000, 0.03951683, 0.02667887, 0.0013083369, 0.11690325, 2.728055, 618, 0
692000, 0.03961605, 0.026263613, 0.0013202582, 0.116918646, 2.7290833, 618, 0
693000, 0.039444286, 0.024705945, 0.0013312012, 0.116918705, 2.730148, 618, 0
694000, 0.038385075, 0.030981902, 0.001340124, 0.116921134, 2.7300887, 618, 0
695000, 0.0383934, 0.021213748, 0.0013306622, 0.11697353, 2.7312143, 618, 0
696000, 0.0389449, 0.019385142, 0.0013249427, 0.11700772, 2.7326088, 618, 0
697000, 0.03966495, 0.02084073, 0.0013292868, 0.11702033, 2.7333465, 618, 0
698000, 0.039074555, 0.023904892, 0.0013207513, 0.11707118, 2.734271, 618, 0
699000, 0.03884914, 0.02240091, 0.0013182504, 0.11710128, 2.7354243, 618, 0
700000, 0.039025996, 0.023853393, 0.0013084593, 0.11713977, 2.7362046, 618, 0
701000, 0.03995365, 0.031853218, 0.0013232722, 0.117147185, 2.737021, 618, 0
702000, 0.039714213, 0.035120357, 0.0013381501, 0.117132716, 2.737574, 618, 0
703000, 0.03822009, 0.02644326, 0.0013304902, 0.11718397, 2.7387598, 618, 0
704000, 0.03840326, 0.027174179, 0.0013413485, 0.11719408, 2.7400322, 618, 0
705000, 0.038693316, 0.017809922, 0.0013370363, 0.117232196, 2.7411072, 617, 0
706000, 0.038926654, 0.017789302, 0.0013381074, 0.117244616, 2.741829, 617, 0
707000, 0.038616955, 0.021705616, 0.0013297434, 0.11729101, 2.7423952, 617, 0
708000, 0.039438102, 0.014535212, 0.0013328829, 0.11730756, 2.7433472, 617, 0
709000, 0.038991805, 0.016401054, 0.0013303274, 0.11732831, 2.744521, 617, 0
710000, 0.03927538, 0.012940329, 0.001328166, 0.117352754, 2.744977, 617, 0
711000, 0.038579468, 0.026237015, 0.0013401118, 0.11736092, 2.7451558, 617, 0
712000, 0.03912589, 0.021103876, 0.0013421003, 0.11738278, 2.7461622, 617, 0
713000, 0.038965233, 0.04833242, 0.0013217381, 0.11743485, 2.746188, 617, 0
714000, 0.038863733, 0.038830582, 0.0013393281, 0.117438674, 2.746671, 617, 0
715000, 0.040142942, 0.04410663, 0.0013264221, 0.117472306, 2.746982, 617, 0
716000, 0.0403851, 0.04557849, 0.0013396302, 0.117470175, 2.7474053, 617, 0
717000, 0.039648518, 0.06775172, 0.0013111233, 0.11754536, 2.7478063, 617, 0
718000, 0.040971257, 0.05568761, 0.0012934075, 0.117596805, 2.7477155, 617, 0
719000, 0.040539574, 0.045158375, 0.0013101117, 0.11760937, 2.7475173, 617, 0
720000, 0.039743897, 0.04359297, 0.0013081393, 0.1176365, 2.747442, 617, 0
721000, 0.038843296, 0.043915763, 0.0013240213, 0.1176211, 2.747186, 617, 0
722000, 0.039854124, 0.059203982, 0.001301319, 0.11768019, 2.7473571, 617, 0
723000, 0.039186627, 0.03592922, 0.0013125289, 0.11770854, 2.7473788, 617, 0
724000, 0.039927736, 0.046154737, 0.0012994857, 0.117759734, 2.7470245, 617, 0
725000, 0.03943229, 0.039685447, 0.0012907825, 0.117812395, 2.746683, 617, 0
726000, 0.038854748, 0.031779442, 0.001293492, 0.11786028, 2.74653, 617, 0
727000, 0.03891234, 0.03819305, 0.00128641, 0.11790203, 2.7463431, 618, 0
728000, 0.038894303, 0.043724313, 0.0013093295, 0.11791256, 2.7466626, 617, 0
729000, 0.03867009, 0.028835027, 0.0013019142, 0.11793978, 2.7472982, 617, 0
730000, 0.038468156, 0.03427132, 0.0013160103, 0.117962584, 2.7469344, 617, 0
731000, 0.03904777, 0.039657876, 0.00133264, 0.117973246, 2.7468762, 617, 0
732000, 0.037933417, 0.029985411, 0.0013267496, 0.11801062, 2.7470827, 617, 0
733000, 0.03860955, 0.057760745, 0.0013002066, 0.11807951, 2.7470624, 617, 0
734000, 0.038180698, 0.027489468, 0.0013098863, 0.11811471, 2.7471747, 617, 0
735000, 0.039199036, 0.028220968, 0.0013183989, 0.11813607, 2.7475164, 617, 0
736000, 0.038923055, 0.029224943, 0.001312605, 0.118178114, 2.7474833, 617, 0
737000, 0.037601903, 0.02868689, 0.0013048719, 0.11822309, 2.7473671, 617, 0
738000, 0.038634874, 0.026751248, 0.0013008697, 0.11824204, 2.7478232, 617, 0
739000, 0.038853813, 0.035728756, 0.0013188659, 0.11824564, 2.7482998, 617, 0
740000, 0.03840861, 0.024564637, 0.0013240257, 0.11825312, 2.748725, 617, 0
741000, 0.03858128, 0.046686113, 0.0013071392, 0.11832658, 2.7484274, 617, 0
742000, 0.03814344, 0.046681367, 0.0013338109, 0.11832613, 2.7485566, 617, 0
743000, 0.037925947, 0.035444524, 0.0013197241, 0.11837855, 2.7482576, 617, 0
744000, 0.039111868, 0.032247998, 0.0013350372, 0.118374154, 2.748569, 617, 0
745000, 0.03970927, 0.03341131, 0.0013498596, 0.11839307, 2.748719, 617, 0
746000, 0.03838278, 0.03013281, 0.0013384472, 0.11843962, 2.7489505, 617, 0
747000, 0.03879122, 0.031229965, 0.0013259219, 0.118484266, 2.7491646, 617, 0
748000, 0.03767766, 0.023948982, 0.0013346781, 0.11850237, 2.7493362, 617, 0
749000, 0.038916327, 0.018229932, 0.0013348557, 0.11853086, 2.7492964, 617, 0
750000, 0.03839547, 0.028960869, 0.0013256712, 0.11856963, 2.7495916, 617, 0
751000, 0.038114745, 0.037309326, 0.0013429904, 0.11859865, 2.7497156, 617, 0
752000, 0.038090408, 0.023973307, 0.0013405599, 0.11863918, 2.7500226, 617, 0
753000, 0.03806322, 0.022599557, 0.001336269, 0.11867808, 2.7500138, 617, 0
754000, 0.038255047, 0.025498979, 0.0013450605, 0.1186764, 2.750258, 617, 0
755000, 0.038170516, 0.02172853, 0.0013441881, 0.118721224, 2.7504117, 617, 0
756000, 0.038954366, 0.026935738, 0.0013392575, 0.11875285, 2.7502635, 617, 0
757000, 0.038169526, 0.018729819, 0.0013371574, 0.118786074, 2.750558, 617, 0
758000, 0.038365044, 0.020880325, 0.0013355849, 0.118832976, 2.7508962, 617, 0
759000, 0.03863301, 0.037391875, 0.0013544995, 0.11882984, 2.750883, 617, 0
760000, 0.038634665, 0.017040826, 0.0013594613, 0.118848786, 2.7511597, 617, 0
761000, 0.038707975, 0.0232645, 0.0013594351, 0.11886491, 2.7510502, 617, 0
762000, 0.037879106, 0.043180678, 0.0013382906, 0.11893148, 2.7509987, 617, 0
763000, 0.03832877, 0.020392828, 0.0013420259, 0.11894393, 2.7512774, 617, 0
764000, 0.037432466, 0.019805234, 0.0013377604, 0.11899205, 2.7513134, 617, 0
765000, 0.038883913, 0.023763213, 0.0013406212, 0.11901987, 2.7519236, 617, 0
766000, 0.038182244, 0.03321079, 0.0013293063, 0.11907115, 2.7517707, 617, 0
767000, 0.03785253, 0.022777854, 0.0013259499, 0.11911265, 2.7518132, 617, 0
768000, 0.03850435, 0.049275726, 0.0013515764, 0.119096726, 2.7521353, 617, 0
769000, 0.038106587, 0.0227762, 0.0013581048, 0.11913245, 2.7521598, 617, 0
770000, 0.038967162, 0.030670505, 0.0013455349, 0.11917313, 2.7523837, 617, 0
771000, 0.03823179, 0.021888081, 0.0013503943, 0.11919039, 2.7528648, 617, 0
772000, 0.038353596, 0.022844652, 0.0013415172, 0.11922457, 2.7528021, 617, 0
773000, 0.03846167, 0.022280637, 0.0013485379, 0.11924208, 2.75301, 617, 0
774000, 0.037777975, 0.018793844, 0.0013474167, 0.119284995, 2.7525332, 617, 0
775000, 0.038641278, 0.023363924, 0.0013450609, 0.119309545, 2.7525735, 617, 0
776000, 0.038542546, 0.02879136, 0.001357228, 0.119316906, 2.752632, 617, 0
777000, 0.038426988, 0.02679526, 0.0013455369, 0.119362295, 2.7528074, 617, 0
778000, 0.037867755, 0.029727364, 0.0013349623, 0.11942274, 2.7527287, 617, 0
779000, 0.03662636, 0.046147786, 0.0013587504, 0.11943447, 2.7529516, 617, 0
780000, 0.036863904, 0.025690172, 0.0013508982, 0.11948535, 2.7530117, 617, 0
781000, 0.03743001, 0.02541898, 0.0013438595, 0.11953557, 2.7530346, 617, 0
782000, 0.03810502, 0.029796906, 0.0013597036, 0.11955691, 2.7534423, 617, 0
783000, 0.03774099, 0.026409041, 0.0013491753, 0.119604364, 2.7536566, 617, 0
784000, 0.038103096, 0.02467862, 0.0013604242, 0.11961108, 2.7537448, 617, 0
785000, 0.03719279, 0.027461726, 0.0013732548, 0.11962346, 2.7537892, 617, 0
786000, 0.038118113, 0.020443637, 0.0013691701, 0.11967251, 2.7538276, 617, 0
787000, 0.03859647, 0.031806745, 0.0013554808, 0.119706094, 2.7543645, 617, 0
788000, 0.038055632, 0.024265103, 0.0013475849, 0.11975887, 2.7547436, 617, 0
789000, 0.03765571, 0.0406067, 0.0013689446, 0.11976505, 2.7548728, 617, 0
790000, 0.037637245, 0.018600082, 0.001366208, 0.119783804, 2.754687, 618, 0
791000, 0.03765387, 0.03640388, 0.0013863697, 0.119802855, 2.7549918, 618, 0
792000, 0.03869518, 0.021451918, 0.0013795198, 0.11982591, 2.7550666, 618, 0
793000, 0.03798144, 0.03880919, 0.001397621, 0.119829684, 2.7553327, 618, 0
794000, 0.038252596, 0.031544313, 0.0013845286, 0.11987738, 2.755256, 618, 0
795000, 0.037688762, 0.02234466, 0.0013749321, 0.1199211, 2.755426, 618, 0
796000, 0.037414964, 0.025566658, 0.0013868179, 0.119934954, 2.7555585, 618, 0
797000, 0.03818428, 0.024699377, 0.0013969324, 0.11993912, 2.7558274, 618, 0
798000, 0.03734355, 0.03611865, 0.001379366, 0.119991295, 2.7559898, 618, 0
799000, 0.037778594, 0.03132636, 0.0013953664, 0.11999398, 2.755968, 618, 0
800000, 0.03690972, 0.036536362, 0.0014134339, 0.119997345, 2.7561677, 618, 0
801000, 0.03660668, 0.039286617, 0.0013934101, 0.12006089, 2.7565355, 618, 0
802000, 0.03792456, 0.018779054, 0.0013994069, 0.12008617, 2.7570488, 618, 0
803000, 0.037070032, 0.013958867, 0.0013996998, 0.120112434, 2.7572799, 618, 0
804000, 0.038007546, 0.04234693, 0.0013795582, 0.120188184, 2.7572021, 618, 0
805000, 0.037735544, 0.016703736, 0.0013778365, 0.12022184, 2.7576716, 618, 0
806000, 0.0375059, 0.031577777, 0.0013941313, 0.120226994, 2.757748, 618, 0
807000, 0.037826218, 0.029992651, 0.0014088043, 0.1202314, 2.75802, 618, 0
808000, 0.036930505, 0.02548715, 0.0013980488, 0.1202832, 2.7585866, 618, 0
809000, 0.03609812, 0.026035557, 0.0013883815, 0.12032913, 2.7585258, 618, 0
810000, 0.037832327, 0.019851122, 0.0013867513, 0.120367624, 2.7591457, 618, 0
811000, 0.03719848, 0.020151455, 0.0013811216, 0.12042959, 2.7595463, 618, 0
812000, 0.03784228, 0.019648852, 0.0013836357, 0.120456554, 2.759679, 618, 0
813000, 0.03778492, 0.018483436, 0.0013813513, 0.12049287, 2.7600505, 618, 0
814000, 0.037671793, 0.03458641, 0.0013642792, 0.1205427, 2.7602425, 618, 0
815000, 0.037890483, 0.016884824, 0.0013685877, 0.120546445, 2.7603846, 618, 0
816000, 0.03807981, 0.031393666, 0.0013520862, 0.12058219, 2.76052, 618, 0
817000, 0.037885413, 0.047653228, 0.0013779745, 0.12057502, 2.7610483, 618, 0
818000, 0.03769408, 0.020128831, 0.0013711083, 0.12059898, 2.7610483, 618, 0
819000, 0.037511542, 0.017423619, 0.0013666588, 0.120624125, 2.7615001, 618, 0
820000, 0.036867693, 0.05679071, 0.0013984009, 0.12060316, 2.761585, 618, 0
821000, 0.03746843, 0.023760641, 0.0013952019, 0.12064054, 2.7618318, 618, 0
822000, 0.03772189, 0.022698397, 0.0013955511, 0.12068014, 2.7620418, 618, 0
823000, 0.037423667, 0.035313725, 0.0013798258, 0.120734856, 2.762022, 618, 0
824000, 0.036305565, 0.024420608, 0.0013884858, 0.12075655, 2.7624109, 618, 0
825000, 0.03714867, 0.04393153, 0.001365083, 0.12082368, 2.7624967, 619, 0
826000, 0.036234654, 0.04363421, 0.0013876581, 0.120831594, 2.7632375, 618, 0
827000, 0.03715809, 0.022629071, 0.0013777963, 0.12085497, 2.7637465, 619, 0
828000, 0.037614834, 0.0197734, 0.0013864139, 0.12088186, 2.7641, 619, 0
829000, 0.03641486, 0.022693802, 0.0013797426, 0.12092511, 2.76467, 619, 0
830000, 0.036938187, 0.020096548, 0.0013755395, 0.12095181, 2.765, 618, 0
831000, 0.037253343, 0.014195137, 0.0013720788, 0.1209772, 2.7651784, 618, 0
832000, 0.03705725, 0.031201852, 0.0013867649, 0.120966256, 2.765687, 618, 0
833000, 0.036078453, 0.0213234, 0.001381771, 0.12098907, 2.7660427, 618, 0
834000, 0.036948647, 0.035321973, 0.0013985407, 0.12099989, 2.7664974, 618, 0
835000, 0.036729746, 0.020213252, 0.0013919797, 0.1210201, 2.766717, 618, 0
836000, 0.03716627, 0.040571947, 0.0014120426, 0.12101489, 2.7670486, 618, 0
837000, 0.036646448, 0.023086514, 0.0014180491, 0.12102776, 2.7672074, 618, 0
838000, 0.03581579, 0.018679736, 0.0014157292, 0.12104903, 2.7679563, 618, 0
839000, 0.037599757, 0.030307546, 0.0014027465, 0.121085994, 2.7681854, 617, 0
840000, 0.036650013, 0.018576618, 0.0013975818, 0.12111393, 2.769307, 617, 0
841000, 0.035999395, 0.025854824, 0.0013873259, 0.12115264, 2.769783, 617, 0
842000, 0.03639317, 0.03802333, 0.0013698306, 0.12120317, 2.7698212, 617, 0
843000, 0.037012227, 0.03812878, 0.0013914983, 0.121196926, 2.7703657, 617, 0
844000, 0.036681816, 0.020030383, 0.0013925328, 0.12121956, 2.7706826, 617, 0
845000, 0.036620025, 0.019951168, 0.0013996732, 0.12122204, 2.7712123, 617, 0
846000, 0.036398202, 0.038675215, 0.001378731, 0.12126912, 2.771441, 617, 0
847000, 0.03662687, 0.022711528, 0.0013703214, 0.121298686, 2.7722487, 617, 0
848000, 0.036915086, 0.032391448, 0.0013868503, 0.12129833, 2.7725163, 617, 0
849000, 0.037814964, 0.022664068, 0.0013942658, 0.12129172, 2.7724085, 617, 0
850000, 0.03651305, 0.015410917, 0.0013923289, 0.121322796, 2.7725728, 617, 0
851000, 0.036186904, 0.07318571, 0.0013527187, 0.121415325, 2.772943, 617, 0
852000, 0.03679049, 0.059702642, 0.0013866608, 0.1213955, 2.773365, 617, 0
853000, 0.037197873, 0.02657798, 0.0013967039, 0.12139047, 2.773618, 617, 0
854000, 0.03693525, 0.026284, 0.0014088138, 0.12140867, 2.774206, 617, 0
855000, 0.03704173, 0.0144938845, 0.0014050184, 0.12143172, 2.7739482, 617, 0
856000, 0.036537122, 0.05310198, 0.0013763128, 0.12149522, 2.7742033, 617, 0
857000, 0.036599252, 0.04857342, 0.0014029434, 0.1214693, 2.7745829, 617, 0
858000, 0.03709037, 0.016137393, 0.0014045904, 0.12147684, 2.7747781, 617, 0
859000, 0.036761828, 0.0237754, 0.0013965539, 0.12150753, 2.7752495, 617, 0
860000, 0.037203226, 0.02083979, 0.0013901996, 0.12152338, 2.7756958, 617, 0
861000, 0.037003633, 0.01378496, 0.0013925062, 0.121536456, 2.7762656, 617, 0
862000, 0.036159884, 0.05606192, 0.001423522, 0.1215104, 2.7765923, 617, 0
863000, 0.037283894, 0.036842853, 0.0014036628, 0.121552825, 2.7773476, 617, 0
864000, 0.036386363, 0.0845124, 0.0014507476, 0.12150425, 2.7775939, 617, 0
865000, 0.037442617, 0.05087251, 0.0014214999, 0.12153654, 2.7779722, 617, 0
